-- Seed roles
INSERT INTO public.roles (id, name, description) VALUES
  ('a0000000-0000-0000-0000-000000000001', 'Admin', 'Полный доступ'),
  ('a0000000-0000-0000-0000-000000000002', 'Operator', 'Управление пользователями и группами'),
  ('a0000000-0000-0000-0000-000000000003', 'Viewer', 'Только просмотр')
ON CONFLICT (id) DO NOTHING;

-- Seed permissions (categories: users, groups, roles, permissions, activity)
INSERT INTO public.permissions (id, code, name, category) VALUES
  ('b0000000-0000-0000-0000-000000000001', 'users.view', 'Просмотр пользователей', 'users'),
  ('b0000000-0000-0000-0000-000000000002', 'users.create', 'Создание пользователей', 'users'),
  ('b0000000-0000-0000-0000-000000000003', 'users.update', 'Редактирование пользователей', 'users'),
  ('b0000000-0000-0000-0000-000000000004', 'users.delete', 'Удаление/блокировка пользователей', 'users'),
  ('b0000000-0000-0000-0000-000000000005', 'groups.view', 'Просмотр групп', 'groups'),
  ('b0000000-0000-0000-0000-000000000006', 'groups.create', 'Создание групп', 'groups'),
  ('b0000000-0000-0000-0000-000000000007', 'groups.update', 'Редактирование групп', 'groups'),
  ('b0000000-0000-0000-0000-000000000008', 'groups.delete', 'Удаление групп', 'groups'),
  ('b0000000-0000-0000-0000-000000000009', 'roles.view', 'Просмотр ролей', 'roles'),
  ('b0000000-0000-0000-0000-000000000010', 'roles.manage', 'Управление ролями и правами', 'roles'),
  ('b0000000-0000-0000-0000-000000000011', 'permissions.view', 'Просмотр прав', 'permissions'),
  ('b0000000-0000-0000-0000-000000000012', 'activity.view', 'Просмотр лога активности', 'activity')
ON CONFLICT (id) DO NOTHING;

-- Admin: all permissions
INSERT INTO public.role_permissions (role_id, permission_id)
SELECT 'a0000000-0000-0000-0000-000000000001', id FROM public.permissions
ON CONFLICT DO NOTHING;

-- Operator: users + groups + activity view
INSERT INTO public.role_permissions (role_id, permission_id) VALUES
  ('a0000000-0000-0000-0000-000000000002', 'b0000000-0000-0000-0000-000000000001'),
  ('a0000000-0000-0000-0000-000000000002', 'b0000000-0000-0000-0000-000000000002'),
  ('a0000000-0000-0000-0000-000000000002', 'b0000000-0000-0000-0000-000000000003'),
  ('a0000000-0000-0000-0000-000000000002', 'b0000000-0000-0000-0000-000000000004'),
  ('a0000000-0000-0000-0000-000000000002', 'b0000000-0000-0000-0000-000000000005'),
  ('a0000000-0000-0000-0000-000000000002', 'b0000000-0000-0000-0000-000000000006'),
  ('a0000000-0000-0000-0000-000000000002', 'b0000000-0000-0000-0000-000000000007'),
  ('a0000000-0000-0000-0000-000000000002', 'b0000000-0000-0000-0000-000000000008'),
  ('a0000000-0000-0000-0000-000000000002', 'b0000000-0000-0000-0000-000000000012')
ON CONFLICT DO NOTHING;

-- Viewer: only view
INSERT INTO public.role_permissions (role_id, permission_id) VALUES
  ('a0000000-0000-0000-0000-000000000003', 'b0000000-0000-0000-0000-000000000001'),
  ('a0000000-0000-0000-0000-000000000003', 'b0000000-0000-0000-0000-000000000005'),
  ('a0000000-0000-0000-0000-000000000003', 'b0000000-0000-0000-0000-000000000009'),
  ('a0000000-0000-0000-0000-000000000003', 'b0000000-0000-0000-0000-000000000011'),
  ('a0000000-0000-0000-0000-000000000003', 'b0000000-0000-0000-0000-000000000012')
ON CONFLICT DO NOTHING;
